"DESCRIPTION","DURATION IN MS","NAME","PARENT SUITE","START TIME","STATUS","STOP TIME","SUB SUITE","SUITE","TEST CLASS","TEST METHOD"
"","864","TC_06 find Multiple Product By Name and Click ATC","Google Chrome","2026-09-26","passed","2026-09-26","","loginFixture.spec.js","",""
"","820","TC_01 validate login test with fixture","Microsoft Edge","2026-09-26","passed","2026-09-26","","loginFixture.spec.js","",""
"","843","TC_03 Extract all the products name","Google Chrome","2026-09-26","passed","2026-09-26","","loginFixture.spec.js","",""
"","803","TC_02 Extract all product count.","Google Chrome","2026-09-26","passed","2026-09-26","","loginFixture.spec.js","",""
"","853","TC_02 Extract all product count.","Microsoft Edge","2026-09-26","passed","2026-09-26","","loginFixture.spec.js","",""
"","847","TC_01 validate login test with fixture","Google Chrome","2026-09-26","passed","2026-09-26","","loginFixture.spec.js","",""
"","832","TC_04 Extract all the products and Price Value","Microsoft Edge","2026-09-26","passed","2026-09-26","","loginFixture.spec.js","",""
"","851","test with StorageState","setup","2026-09-26","passed","2026-09-26","","auth.setup.js","",""
"","864","TC_04 Extract all the products and Price Value","Google Chrome","2026-09-26","passed","2026-09-26","","loginFixture.spec.js","",""
"","800","TC_05 find single Product By Name and Click ATC","Microsoft Edge","2026-09-26","passed","2026-09-26","","loginFixture.spec.js","",""
"","848","TC_06 find Multiple Product By Name and Click ATC","Microsoft Edge","2026-09-26","passed","2026-09-26","","loginFixture.spec.js","",""
"","1146","login to SD with StorageState","Microsoft Edge","2026-09-26","passed","2026-09-26","","login.spec.js","",""
"","973","login to SD with StorageState","Google Chrome","2026-09-26","passed","2026-09-26","","login.spec.js","",""
"","852","TC_05 find single Product By Name and Click ATC","Google Chrome","2026-09-26","passed","2026-09-26","","loginFixture.spec.js","",""
"","798","TC_03 Extract all the products name","Microsoft Edge","2026-09-26","passed","2026-09-26","","loginFixture.spec.js","",""
